{
  "cfg": "config\\ade_test_sfp_dtlr_gen_cfg.yaml",
  "load_path": "experiments/ade_vanilla_converged/best_weight.pth",
  "images": 2000,
  "stats_entries": 2000,
  "empty_forwards": 0,
  "means": {
    "H": 33.567,
    "W": 40.8165,
    "num_tokens": 1356.272,
    "outliers": 825.5305,
    "ratio": 0.6063819143995642,
    "score_min": -0.054051455927547065,
    "score_max": 0.00043304792701610493,
    "score_mean": -0.0026424425639852414,
    "conf_min": 0.059358524516224864,
    "conf_max": 0.9989656089842319,
    "diff_mean": 0.046313358403742316,
    "diff_max": 2.6051904193758966,
    "proxy_enable": 1.0,
    "proxy_lambda": 1.0,
    "proxy_conf_thd": 0.950000000000031,
    "proxy_kernel": 5.0,
    "proxy_available_ratio": 0.5008320666411892,
    "entropy_gate": 0.0,
    "h_norm_mean": 0.351728988757357,
    "unrel_frac_conf": 0.8081226128935813,
    "unrel_frac_ent": 0.7668540306985379,
    "rel_frac_conf": 0.23209727103273325,
    "rel_frac_ent": 0.2848080439015757,
    "margin_enable": 0.0,
    "margin_lambda": 0.30000000000000016,
    "margin_hard_enable": 0.0,
    "margin_thd": 0.19999999999999293,
    "margin_min": 0.00045252425037324427,
    "margin_max": 0.9987811888158321,
    "margin_mean": 0.5445704173967242,
    "selected_margin_mean": 0.4468507852815092
  }
}