{
  "cfg": "D:\\ReCLIPP_Test\\config\\context_test_sfp_dtlr_gen_cfg.yaml",
  "load_path": "D:\\ReCLIPP_Test\\experiments\\context_vanilla_converged\\best_weight.pth",
  "images": 5105,
  "stats_entries": 5105,
  "empty_forwards": 0,
  "means": {
    "H": 30.325759059745348,
    "W": 37.30891283055828,
    "num_tokens": 1109.7708129285015,
    "outliers": 603.8090107737512,
    "ratio": 0.5443887147479614,
    "score_min": -0.06518380548950946,
    "score_max": 7.728938265857205e-05,
    "score_mean": -0.0036101302747267145,
    "conf_min": 0.09389559561487043,
    "conf_max": 0.9994970842509966,
    "diff_mean": 0.08685209464745178,
    "diff_max": 1.693675668547833,
    "proxy_enable": 1.0,
    "proxy_lambda": 1.0,
    "proxy_conf_thd": 0.9499999999999085,
    "proxy_kernel": 5.0,
    "proxy_available_ratio": 0.7432794264916341,
    "entropy_gate": 0.0,
    "h_norm_mean": 0.2933329296063898,
    "unrel_frac_conf": 0.7253921218880477,
    "unrel_frac_ent": 0.6817751919137393,
    "rel_frac_conf": 0.33329600571608214,
    "rel_frac_ent": 0.3838811243381661,
    "margin_enable": 0.0,
    "margin_lambda": 0.29999999999997246,
    "margin_hard_enable": 0.0,
    "margin_thd": 0.20000000000001864,
    "margin_min": 0.000916843081985935,
    "margin_max": 0.9993982540405228,
    "margin_mean": 0.6372893648242156,
    "selected_margin_mean": 0.5190120410411295
  }
}