{
  "cfg": "D:\\ReCLIPP_Test\\config\\voc_test_sfp_dtlr_gen_official_cfg.yaml",
  "load_path": "experiments/official/voc_reclippp_854/best_weight.pth",
  "images": 1449,
  "stats_entries": 1449,
  "empty_forwards": 0,
  "means": {
    "H": 22.660455486542443,
    "W": 27.85576259489303,
    "num_tokens": 619.8405797101449,
    "outliers": 161.40579710144928,
    "ratio": 0.2605114532101146,
    "score_min": -0.0902231259437328,
    "score_max": 1.7210378561809155e-05,
    "score_mean": -0.006587653009595672,
    "conf_min": 0.27294843953958947,
    "conf_max": 0.9999999994241097,
    "diff_mean": 0.06596928609443829,
    "diff_max": 1.3490341868048459,
    "proxy_enable": 1.0,
    "proxy_lambda": 1.0,
    "proxy_conf_thd": 0.9500000000000255,
    "proxy_kernel": 5.0,
    "proxy_available_ratio": 0.9932331911772181,
    "entropy_gate": 0.0,
    "h_norm_mean": 0.08897767730090662,
    "unrel_frac_conf": 0.3465341945520099,
    "unrel_frac_ent": 0.3168082687363615,
    "rel_frac_conf": 0.6875672876793735,
    "rel_frac_ent": 0.7259231096222287,
    "margin_enable": 0.0,
    "margin_lambda": 0.3000000000000074,
    "margin_hard_enable": 0.0,
    "margin_thd": 0.19999999999999454,
    "margin_min": 0.006486845394921681,
    "margin_max": 0.9999999989716245,
    "margin_mean": 0.8420145930793057,
    "selected_margin_mean": 0.5589097690549367
  }
}