{
  "n_images": 1449,
  "baseline_miou": 0.8536171478072759,
  "oracle_miou": 0.8998398958485613,
  "probe_miou": {
    "0.02_0.5": 0.8536171478072759,
    "0.02_1.0": 0.7342464628411658,
    "0.05_0.5": 0.8536171478072759,
    "0.05_1.0": 0.7342464628411658,
    "0.1_0.5": 0.8535842497197741,
    "0.1_1.0": 0.7333918959392302
  },
  "probe_best_cell": "0.02_0.5",
  "probe_best_miou": 0.8536171478072759,
  "official_reference": 0.8536,
  "taus": [
    0.02,
    0.05,
    0.1
  ],
  "lambdas": [
    0.5,
    1.0
  ],
  "hardgate_gap_miou": {
    "0.01": 0.5834709173705896,
    "0.02": 0.5834709173705896,
    "0.04": 0.5834709173705896,
    "0.06": 0.5834709173705896,
    "0.08": 0.5834709173705896,
    "0.12": 0.5793368095374555
  },
  "hardgate_peak_miou": {
    "0.3": 0.8534823930797927,
    "0.5": 0.8517069456985933,
    "0.7": 0.8312320607725813
  },
  "hardgate_best_theta": 0.01,
  "hardgate_best_theta_miou": 0.5834709173705896,
  "hardgate_best_phi": 0.3,
  "hardgate_best_phi_miou": 0.8534823930797927,
  "gap_oracle_captured": -5.841905083741995,
  "peak_oracle_captured": -0.0025434079824166907,
  "gap_best_precision": 0.5921348314606741,
  "gap_best_recall": 0.6884633080285254,
  "peak_best_precision": 0.6919488597097443,
  "peak_best_recall": 0.9275937428111343
}