{
  "cfg": "D:\\ReCLIPP_Test\\config\\voc_test_lgak_identity_cfg.yaml",
  "base": "D:\\ReCLIPP_Test\\experiments\\lgak_id_baseline",
  "images": 1449,
  "n_boot": 10000,
  "seed": 0,
  "base_miou": 0.8536171478072758,
  "variants": {
    "flip": {
      "pred_dir": "D:\\ReCLIPP_Test\\experiments\\voc_diag_flip",
      "miou": 0.8601423660403833,
      "delta": 0.006525218233107477,
      "ci95": [
        0.0021813376542137164,
        0.011105768259767414
      ],
      "p_one_sided_le0": 0.0026,
      "p_one_sided_ge0": 0.9974,
      "p_two_sided": 0.0052
    },
    "sfp_gen": {
      "pred_dir": "D:\\ReCLIPP_Test\\experiments\\voc_sfp_dtlr_gen_official_eval",
      "miou": 0.8581762386796452,
      "delta": 0.004559090872369387,
      "ci95": [
        0.0024599820482475885,
        0.006890153859525233
      ],
      "p_one_sided_le0": 0.0,
      "p_one_sided_ge0": 1.0,
      "p_two_sided": 0.0
    }
  }
}